track_id,track_name,artist_name,danceability,energy,tempo,valence
6wos8Ds5FKMe33GjBHRake,No Hay Nadie Más,Sebastian Yatra,0.684,0.378,105.015,0.771
1d7q712nXjG98HiwHk7HFS,a p p l y i n g . p r e s s u r e,J. Cole,0.699,0.759,83.092,0.404
1Qg9jWGDkKAGZXj5v2OG59,Wait,Maroon 5,0.659,0.604,126.135,0.407
2Foc5Q5nqNiosCNqttzHof,Get Lucky (Radio Edit) [feat. Pharrell Williams and Nile Rodgers],"Daft Punk, Pharrell Williams, Nile Rodgers",0.794,0.811,116.047,0.862
3pdQTWpq09XCBosbTtYIiZ,Winter Wonderland - Remastered,Bing Crosby,0.589,0.232,126.626,0.53
2ICse7t8MB60EFk6o9aUyw,Who's Laughing Now,Ava Max,0.648,0.641,184.021,0.505
4SnlSaLJJ7reJMCHM5YUuX,Lotus,Lil Uzi Vert,0.802,0.748,150.063,0.516
6NJfIydBMYrXvlaXsFxmc8,Ain't It Different (feat. AJ Tracey & Stormzy),"Headie One, AJ Tracey, Stormzy",0.767,0.569,77.052,0.524
1jIMjbzcGCcCQn5iMu9CUc,That's Hilarious,Charlie Puth,0.714,0.442,108.039,0.546
1iSqfoUFnQwV0QW1EfUit8,Suicidal,YNW Melly,0.735,0.369,140.004,0.235
69b0SDYOymaqYwm3la237H,Ye vs. the People (starring TI as the People),Kanye West,0.464,0.822,79.973,0.722
0dIoGTQXDh1wVnhIiSyYEa,Bartier Cardi (feat. 21 Savage),"Cardi B, 21 Savage",0.908,0.524,138.015,0.109
4sPmO7WMQUAf45kwMOtONw,Hello,Adele,0.481,0.451,157.966,0.289
3uB8KqnEoQq5bTQ1JFHJ7Y,ROMEO & JULIET,"Loredana, Mozzik",0.644,0.68,125.465,0.683
4Q3N4Ct4zCuIHuZ65E3BD4,Tunnel Vision,Kodak Black,0.497,0.489,171.853,0.231
69xohKu8C1fsflYAiSNbwM,Run BTS,BTS,0.724,0.818,77.004,0.696
6GsD646HrIDJJpzoY9T1Rt,Unfollow,"Duki, Justin Quiles, Bizarrap",0.818,0.648,92.019,0.713
2c6xRsQBv7pynuhYhWoHxo,Woman Like Me,Adele,0.594,0.37,145.601,0.329
2EhJijFUs0WUmNClDBpYJq,Make It Back,Juice WRLD,0.75,0.387,143.019,0.739
6SFStUDQZNaGPKWOx9ZiJB,2002,Anne-Marie,0.697,0.683,96.133,0.603
6AFIVhbJLR7YVvW9fLFMu1,Huracan,"Samra, Capital Bra",0.681,0.701,170.072,0.518
2nMeu6UenVvwUktBCpLMK9,Young And Beautiful,Lana Del Rey,0.324,0.416,113.986,0.151
6rQSrBHf7HlZjtcMZ4S4bO,Safari,"J Balvin, Pharrell Williams, BIA, Sky Rompiendo",0.508,0.687,180.044,0.555
0OgGn1ofaj55l2PcihQQGV,Drew Barrymore,Bryce Vine,0.758,0.574,151.985,0.261
6C6mUonH6MNdSg5pw7kOc9,Ayer Me Llamó Mi Ex,"KHEA, Lenny Santos",0.752,0.716,117.007,0.553
4ZnkygoWLzcGbQYCm3lkae,Rush,Troye Sivan,0.743,0.837,126.023,0.378
6BJbOXDlgVAXSaq6wYFYT2,NC-17,Travis Scott,0.804,0.763,136.052,0.0585
1NghHeg0wE32eBYrQBVQXL,Shake Up Christmas,Train,0.458,0.831,81.531,0.572
30MM5jWpUmOxtTNd9Ey5LZ,Unforgettable,Thomas Rhett,0.661,0.75,130.077,0.828
6J3YPOejivwLSjM2dru5Ad,Be Careful,Cardi B,0.818,0.563,152.108,0.486
0JcNysfWVWaMS7R6vzGB2k,Robarte un Beso,"Carlos Vives, Sebastian Yatra",0.742,0.859,95.046,0.652
0Gux2yTMWYOlcBUNjGJu5p,Pull Up N Wreck (& Metro Boomin),"Big Sean, Metro Boomin, 21 Savage",0.507,0.442,173.03,0.107
0HD8mbiPjp3o94X3EaZp0o,exes,Tate McRae,0.838,0.569,136.965,0.551
2FSGUA0gFgGeQdprjtGM2M,EL MAKINON,"KAROL G, Mariah Angeliq",0.635,0.706,88.863,0.443
6SAKXCj5jyF6IgPCPbZ5ra,Armed And Dangerous,Juice WRLD,0.736,0.67,130.032,0.845
0HqZX76SFLDz2aW8aiqi7G,Bones,Imagine Dragons,0.773,0.742,114.071,0.571
0QV16pno66L6K3fn4W13b7,No Sleep Leak,Lil Uzi Vert,0.788,0.689,136.045,0.681
7qEKqBCD2vE5vIBsrUitpD,ilomilo,Billie Eilish,0.855,0.423,120.02,0.572
6ylDpki1VpIsc525KC1ojF,Tacones Rojos,Sebastian Yatra,0.746,0.844,123.014,0.934
3sJHkcxojoJD2Ytbo1yLLF,Two High,Moon Taxi,0.649,0.762,107.034,0.48
4oLuMvGQ4WJfU2s4OM6nfE,Culture (feat. DJ Khaled),"Migos, DJ Khaled",0.825,0.7,132.994,0.317
2ijef6ni2amuunRoKTlgww,Sin Pijama,"Becky G, NATTI NATASHA",0.791,0.745,94.014,0.82
1R0a2iXumgCiFb7HEZ7gUE,Don’t Blame Me,Taylor Swift,0.615,0.534,135.917,0.193
3USu1p2lKTzoKFIRDeeJf8,MEGAVERSE,Stray Kids,0.613,0.73,160.051,0.576
4at3d5QWnlibMVN75ECDrp,Pretty Little Fears (feat. J. Cole),"6LACK, J. Cole",0.61,0.458,192.099,0.246
3NanY0K4okhIQzL33U5Ad8,Boy's a Liar,PinkPantheress,0.656,0.838,132.981,0.74
463PQggkmk5tTw8ug0ahOX,The Other Side (from Trolls World Tour),"SZA, Justin Timberlake",0.76,0.607,105.979,0.709
5gNOINI5dXZVom2b36LMOd,PICK UP (feat. Quavo),"DaBaby, Quavo",0.915,0.612,129.93,0.758
401160izncPtca3CmX3dvM,Purple Hearts,"Kendrick Lamar, Summer Walker, Ghostface Killah",0.567,0.824,138.202,0.737
2rUwQj4SWaP2anuGDtNpYR,Self-Made,Bryson Tiller,0.932,0.702,143.001,0.533
5YOkA7qd2983FtBQnP8sYx,Solo de Mi,Bad Bunny,0.743,0.73,179.972,0.15
4k7CNPArKLf4QuvGfMeHDk,Un Cigarrillo,Chencho Corleone,0.781,0.774,175.956,0.762
1OuN92HcVG6NVpWbeESNB3,Everybody,Mac Miller,0.875,0.599,152.061,0.112
5b2QnYcT9rQIkhRWt4HztQ,Walk On Water (feat. Beyoncé),"Eminem, Beyoncé",0.49,0.598,84.004,0.61
56AMYGJzxBO6p8v0wEe9de,Hot (Remix) [feat. Gunna and Travis Scott],"Young Thug, Travis Scott, Gunna",0.845,0.631,111.983,0.545
09nSCeCs6eYfAIJVfye1CE,Oye,"TINI, Sebastian Yatra",0.683,0.51,95.08,0.255
6SUocL0caib4mLHe8ZrZzi,Sun Comes Up (feat. James Arthur),"Rudimental, James Arthur",0.619,0.858,106.017,0.23
5goGDc74vVREyN8al8CkPh,Diplomatic Immunity,Drake,0.655,0.839,74.867,0.55
3QFInJAm9eyaho5vBzxInN,family ties (with Kendrick Lamar),"Baby Keem, Kendrick Lamar",0.711,0.611,134.093,0.144
3WlbeuhfRSqU7ylK2Ui5U7,Snowchild,The Weeknd,0.55,0.611,148.062,0.243
1c1sdxrYLIiuJOlE7PPttb,Love Me Now (feat. Zoe Wees),"Kygo, Zoe Wees",0.662,0.489,102.04,0.506
4lRwa7PKcGIuJMwtPIYKdy,Anpanman,BTS,0.813,0.875,99.004,0.756
26hOm7dTtBi0TdpDGl141t,Die For You,Joji,0.472,0.518,147.805,0.154
0tdCy39PgWN8LFWu34ORn3,Rap Saved Me (feat. Quavo),"21 Savage, Offset, Metro Boomin, Quavo",0.845,0.399,143.049,0.148
5HeKOKc4phmLn8e4I7EkzD,My Blood,Twenty One Pilots,0.749,0.723,108.999,0.674
6WbTTAGKrQtCQvmc5BuYfh,Girls in the Hood,Megan Thee Stallion,0.821,0.863,180.013,0.874
4R8BJggjosTswLxtkw8V7P,No Me Conoce - Remix,"Jhayco, J Balvin, Bad Bunny",0.806,0.786,91.973,0.58
02FaKXXL7KUtRc7K0k54tL,Cozy Little Christmas,Katy Perry,0.774,0.608,137.494,0.56
58zsLZPvfflaiIbNWoA22O,Human,Rag'n'Bone Man,0.602,0.707,75.087,0.554
0d0d2CuQSQDF7Q7vNhwA3i,Neymar,"Capital Bra, Ufo361",0.749,0.66,123.96,0.542
0hDE81j4N2DPLbEY4tiCDs,LA BABY,"Tainy, Daddy Yankee, Feid, Sech",0.75,0.83,104.937,0.688
1OmcAT5Y8eg5bUPv9qJT4R,rockstar (feat. 21 Savage),"Post Malone, 21 Savage",0.58,0.531,159.786,0.141
6YZdkObH88npeKrrkb8Ggf,DUELE EL CORAZON (feat. Wisin),"Enrique Iglesias, Wisin",0.716,0.908,91.03,0.869
6gcuJpHu0Ey30D5WR76y98,You & Me,JENNIE,0.787,0.573,111.996,0.575
1Bf8wk84B42gGewriwJlT9,MONTAGEM - PR FUNK,"S3BZS, Mc Gw, Mc Menor Do Alvorada",0.88,0.798,130.083,0.793
35wvL50xvKpCHEJPxLOLPI,Si Estuviésemos Juntos,Bad Bunny,0.672,0.594,171.854,0.158
2uBhGx3m5iJrtsql8Qk00j,Levitate,Twenty One Pilots,0.7,0.934,92.973,0.224
1fLhGF1JfGQYj6EZLndD86,Baby (feat. MARINA & Luis Fonsi),"Clean Bandit, MARINA, Luis Fonsi",0.755,0.74,116.946,0.33
1hg3RlqFZXJb5YgRoK9qmF,Gangstas,Pop Smoke,0.548,0.506,119.987,0.557
2CeKVsFFXG4QzA415QygGb,Feliz Cumpleaños Ferxxo,Feid,0.865,0.573,94.999,0.563
5ydjxBSUIDn26MFzU3asP4,Rainy Days,V,0.633,0.454,74.828,0.282
01qFKNWq73UfEslI0GvumE,3D (feat. Jack Harlow),"Jung Kook, Jack Harlow",0.853,0.824,108.044,0.888
6L4XGeAdRRC32vVJpp8MdM,Face 2 Face,Juice WRLD,0.711,0.72,155.997,0.437
0YWUHZPJVg4iujddsJDwhM,My Only Wish (This Year),Britney Spears,0.669,0.843,147.08,0.702
5oH4DQAuu1J1800RzUsBWa,That That (prod.&feat. SUGA of BTS),"PSY, SUGA",0.905,0.962,129.969,0.906
06JvOZ39sK8D8SqiqfaxDU,True Love,"Kanye West, XXXTENTACION",0.712,0.861,84.042,0.388
2tFwfmceQa1Y6nRPhYbEtC,CÓMO SE SIENTE - Remix,"Jhayco, Bad Bunny",0.807,0.606,92.988,0.304
3tDqEKKUs6gf8zMvSuLyLA,Commercial (feat. Lil Uzi Vert),"Lil Baby, Lil Uzi Vert",0.892,0.486,120.998,0.535
65irrLqfCMRiO3p87P4C0D,Frosty The Snowman,Ella Fitzgerald,0.579,0.502,76.816,0.836
615vw74T1NebV8pKoutm2J,Righteous,Juice WRLD,0.706,0.625,142.948,0.225
2uflssWlCaJ6CbTMOsUpNI,Aguacero,Bad Bunny,0.861,0.645,121.391,0.668
2aksifNn5ph8igDOkPBA02,Love On The Brain,Rihanna,0.509,0.637,172.006,0.378
6tHWl8ows5JOZq9Yfaqn3M,Mine,Bazzi,0.716,0.805,142.886,0.719
6Vgtvd7I5yopJdBuxqjBd2,Your Man,Joji,0.785,0.818,117.98,0.0503
6o79O9qBP3OAkWOXajAQIS,WAKA (feat. A Boogie Wit da Hoodie),"6ix9ine, A Boogie Wit da Hoodie",0.772,0.812,97.407,0.655
340UVheS8z3ncW9TTUhAbc,Nightmare,Halsey,0.611,0.622,146.11,0.538
3uc8AGNL0KbvISIrjnfRvN,Mean It,"Lauv, LANY",0.746,0.45,95.998,0.336
4BGmYEDOK1swwoxTtfmVZD,Peace & Love,"Charlie Charles, Sfera Ebbasta, Ghali",0.68,0.785,152.962,0.319
5a6pdCHlWS2ekOOQ70QnAr,July,Noah Cyrus,0.708,0.186,72.541,0.321
3sW3oSbzsfecv9XoUdGs7h,Enchanted (Taylor's Version),Taylor Swift,0.505,0.532,81.907,0.216
5LOiuvbH62YGtnwe6Ltt4T,Mirror,Kendrick Lamar,0.652,0.67,91.933,0.274
44XjoNvtwevktFKjvVe1vH,Andrea,"Bad Bunny, Buscabulla",0.797,0.616,103.071,0.451
3DKpA54hrFIdPN6AtL9HXa,I'll Never Love Again - Film Version - Radio Edit,"Lady Gaga, Bradley Cooper",0.45,0.335,109.908,0.25
0f1G5SHFoFC9lO03gHCGVS,Pretty Boy (feat. Lil Yachty),"Joji, Lil Yachty",0.656,0.776,156.049,0.638
7COfe3P7KgfwDwIRB8LIDw,Mi Gente,"J Balvin, Willy William",0.548,0.704,104.666,0.288
4NCsrTzgVfsDo8nWyP8PPc,RITMO (Bad Boys For Life),"Black Eyed Peas, J Balvin",0.723,0.704,105.095,0.684
6jreFSOTUAViWjKyzOC4Kg,REMEDY,Alesso,0.601,0.775,119.964,0.483
1nltpRhEiXikwDlVn4UADk,One Right Now (with The Weeknd),"Post Malone, The Weeknd",0.682,0.764,97.023,0.701
7l9CE3wmEGOUYw1j4ETjnL,Saturnz Barz (feat. Popcaan),"Gorillaz, Popcaan",0.383,0.621,80.051,0.213
6zzdyvVWjGrQBraSvuqJPY,Starry Eyes,The Weeknd,0.309,0.418,134.23,0.146
3O7p9Itz8PXUoAjD2vmuM6,Beautiful People Beautiful Problems (feat. Stevie Nicks),"Lana Del Rey, Stevie Nicks",0.509,0.43,122.919,0.128
1i4F583d9v9RabcfOlKKVL,Love In Slow Motion,Ed Sheeran,0.485,0.54,62.631,0.426
2dHoVW9AxJVSRebPRyV2aA,Gone,ROSÉ,0.647,0.377,79.936,0.653
7vu0JkJh0ldukEYbTVcqd0,Issues,Julia Michaels,0.728,0.415,114.145,0.455
2mb6YdoavL6db22p7XKJQZ,Burning,Sam Smith,0.631,0.224,86.936,0.365
0STK94RxUulYqWzwFlyAb5,Sober,Demi Lovato,0.397,0.303,170.22,0.17
1Ov37jtRQ2YNAe8HzfczkL,Wildest Dreams (Taylor's Version),Taylor Swift,0.583,0.67,140.061,0.498
3l6LBCOL9nPsSY29TUY2VE,Lilith (feat. SUGA of BTS) (Diablo IV Anthem),"Halsey, SUGA",0.431,0.736,83.627,0.139
6WkJ2OK163XXS2oARUC9JM,Dancin (feat. Luvli) - Krono Remix,"Aaron Smith, Krono, Luvli",0.72,0.741,119.896,0.357
4MAsYGSgxsaj73dC2lvFC4,WORKIN ME,Quavo,0.792,0.657,169.969,0.228
6rjuKpPydT2SxN15TZpV7r,500lbs,Lil Tecca,0.722,0.785,122.986,0.529
1pqnQ41XbfKjaFu6M0eGJp,Agua (with J Balvin),"Tainy, J Balvin",0.76,0.658,100.202,0.565
3p7XQpdt8Dr6oMXSvRZ9bg,Eyes Closed,Ed Sheeran,0.793,0.52,107.014,0.309
0jWm0VyD8p3MrSInczpows,BLAME IT ON BABY,DaBaby,0.875,0.687,109.791,0.864
4TZy1wLyHec06pwgFYDh1a,Mercy,Shawn Mendes,0.469,0.68,147.734,0.374
1bDbXMyjaUIooNwFE9wn0N,Rich Flex,"Drake, 21 Savage",0.561,0.52,153.15,0.424
6yf3MxEOScNBTYCHOAIiNQ,Instruction (feat. Demi Lovato & Stefflon Don),"Jax Jones, Demi Lovato, Stefflon Don",0.767,0.929,121.087,0.923
1lRtH4FszTrwwlK5gTSbXO,AMG,"Natanael Cano, Peso Pluma, Gabito Ballesteros",0.772,0.73,136.175,0.786
6wmAHw1szh5RCKSRjiXhPe,How Long,Charlie Puth,0.845,0.561,109.974,0.811
7s25THrKz86DM225dOYwnr,Respect,Aretha Franklin,0.805,0.558,114.95,0.965
1hSOt9IeshMkuKP9ri4hOf,Bloom,Troye Sivan,0.708,0.701,120.932,0.504
3Y7a0typ6ik1KscmebXd6D,"No New Friends (feat. Sia, Diplo, and Labrinth)","Sia, Diplo, Labrinth, LSD",0.724,0.702,106.044,0.688
3tcnWNjEXyXCbFR9zonrX2,Topanga,Trippie Redd,0.755,0.615,105.955,0.039
3pI3nzi2Y0Iyj1nATDOeQV,Mourning,Post Malone,0.549,0.636,74.142,0.266
36YCdzT57us0LhDmCYtrNE,Rockin’,The Weeknd,0.738,0.885,112.878,0.752
6p8eEdiZLKJH8tcjGZuNTK,Run,Joji,0.447,0.72,157.892,0.362
5troof8mcGO3AafoDbk1gc,Look What You Made Me Do,Taylor Swift,0.766,0.709,128.07,0.506
7fJv128BqCw23AmENDqJuj,Breathe,Astrid S,0.736,0.72,96.991,0.514
2VyZWWKamfq7kVnh5gMgPd,∞ LOVE (feat. Guè),"Marracash, Guè",0.726,0.828,125.002,0.307
5A1w94uzc1kO1Zhe8WWxC3,Right Back,Khalid,0.788,0.427,97.03,0.603
5ffntNJnJOeFv7b7DCd0Bw,Takin' Shots,Post Malone,0.762,0.621,120.056,0.593
2VKf0WEOpq06JE5PTNr9wa,Jettski Grizzley (feat. Lil Pump),"Tee Grizzley, Lil Pump",0.875,0.878,100.042,0.381
1Wf14bTyb6UeKojy8ykPYm,Happy Holiday / The Holiday Season,Andy Williams,0.462,0.402,148.956,0.7
7qoIhutxU269Zqo9PG5IOj,Poesia Acústica 13,"Pineapple StormTv, Chris MC, Salve Malak, Tz da Coronel, MC Cabelinho, Chefin, L7NNON, Luísa Sonza, Oruam, Xamã, N.I.N.A",0.572,0.579,127.982,0.5
05X6aMCQR09E6smUmw9qms,Thank God It's Christmas - Non-Album Single,Queen,0.296,0.421,83.425,0.335
7fesNTgTEMEH0ye8MOgEDY,teenage dream,Olivia Rodrigo,0.422,0.229,135.82,0.104
4OtHGdb0KqEbaWb6edUnR9,Cut You Off,Selena Gomez,0.855,0.294,139.745,0.842
577YBGuskWkVDCxZrLRB4v,Pure Cocaine,Lil Baby,0.964,0.487,127.05,0.107
37BZB0z9T8Xu7U3e65qxFy,Save Your Tears (with Ariana Grande) (Remix),"The Weeknd, Ariana Grande",0.65,0.825,118.091,0.593
42lqBjPYlmL1EXpMDXvhSN,Somebody’s Problem,Morgan Wallen,0.658,0.538,136.967,0.62
6VsvKPJ4xjVNKpI8VVZ3SV,invisible string,Taylor Swift,0.653,0.452,83.433,0.45
0as7lPxkBPctZ7uVmchRNM,Miss You (with Major Lazer & Tory Lanez),"Cashmere Cat, Major Lazer, Tory Lanez",0.753,0.646,100.0,0.438
5PB8zB1MOZASboLquvinMF,Reggaetón Lento (Remix),"CNCO, Little Mix",0.623,0.909,93.984,0.651
23luOrEVHMfoX0AhfbQuS6,FEAR.,Kendrick Lamar,0.588,0.479,150.414,0.434
35D06z7kmwMmYYbyJ0BkSm,Daqui pra Sempre,"Manu, Simone Mendes",0.571,0.95,159.881,0.543
0FqBNLXlTNimxmVRdDMj6b,1AM FREESTYLE,Joji,0.615,0.541,126.049,0.124
6OzUIp8KjuwxJnCWkXp1uL,Besos Moja2,"Wisin & Yandel, ROSALÍA",0.736,0.727,94.048,0.644
20dP2DaMHIAmwWAbp7peSr,pick up the phone,"Young Thug, Travis Scott",0.711,0.739,136.919,0.43
0ug5NqcwcFR2xrfTkc7k8e,Style,Taylor Swift,0.588,0.791,94.933,0.487
7nD2JPaxIKUdxd2UWgnaGL,Toda - Remix,"Alex Rose, Rauw Alejandro, Lenny Tavárez, Cazzu, Lyanno",0.512,0.451,80.04,0.368
0QHEIqNKsMoOY5urbzN48u,Made You Look,Meghan Trainor,0.838,0.525,144.981,0.884
3pHkh7d0lzM2AldUtz2x37,The Archer,Taylor Swift,0.292,0.574,124.344,0.166
51Fjme0JiitpyXKuyQiCDo,Lalala,"Y2K, bbno$",0.843,0.39,129.972,0.495
6IAZHEBUIGJ6NJKxxOBIEr,Rolling in the Deep,Adele,0.73,0.769,104.948,0.507
2kJwzbxV2ppxnQoYw4GLBZ,If the World Was Ending (feat. Julia Michaels),"JP Saxe, Julia Michaels",0.464,0.473,75.801,0.604
7mFj0LlWtEJaEigguaWqYh,Sweetest Pie,"Megan Thee Stallion, Dua Lipa",0.814,0.628,123.977,0.677
1NvpO1o8SpkdH3txtJQQc7,Lemon Tree,Post Malone,0.611,0.584,116.106,0.181
1CCDIow4pPYyJYzhtTUYz2,RAW SHIT (feat. Migos),"DaBaby, Migos",0.874,0.714,130.046,0.85
2alc8VZAzDgdAsL2QMk3hu,Skechers,DripReport,0.903,0.327,100.008,0.274
54u86CmMqGI1rRuULlTqaB,Toca o Trompete,Felipe Amorim,0.947,0.75,124.993,0.961
3oZ6dlSfCE9gZ55MGPJctc,’98 Braves,Morgan Wallen,0.488,0.67,142.139,0.484
72TyiiduRmczEbDIEtKQdR,Wasted Times,The Weeknd,0.562,0.674,122.699,0.293
0d2iYfpKoM0QCKvcLCkBao,Eastside (with Halsey & Khalid),"benny blanco, Halsey, Khalid",0.56,0.68,89.391,0.319
2KnLkZ3z7PO3kgVGHGqDpD,It'll Be Okay,Shawn Mendes,0.398,0.286,78.262,0.0666
3XiNC94b4Tq1xwv70sQJGN,Sanguine Paradise,Lil Uzi Vert,0.729,0.603,134.972,0.207
2BEcap3xJtmiPaHKyfQi4e,Nostálgico,"Rvssian, Rauw Alejandro, Chris Brown",0.734,0.846,98.026,0.604
7exHT4swWOKL5addPeqkLP,THE LONELIEST,Måneskin,0.525,0.599,129.841,0.226
3Ua0m0YmEjrMi9XErKcNiR,Like Crazy,Jimin,0.629,0.733,120.001,0.362
2ycWek3FNNVHBhz2TcnOzZ,Wizard Of Oz,Logic,0.72,0.601,146.002,0.0527
0TvQLMecTE8utzoNmvXRbK,Bad Blood,Taylor Swift,0.652,0.802,170.157,0.295
0rhI6gvOeCKA502RdJAbfs,Sugar Rush Ride,TOMORROW X TOGETHER,0.712,0.893,125.022,0.828
4IxeKzzxUSEgivgtbSbyIK,I Cannot Be (A Sadder Song) (with Gunna),"Post Malone, Gunna",0.517,0.668,79.782,0.646
67jvGGbJmOmVonlyX3mNkV,Caramelo - Remix,"Ozuna, KAROL G, Myke Towers",0.755,0.772,168.062,0.586
7iDa6hUg2VgEL1o1HjmfBn,Meant to Be (feat. Florida Georgia Line),"Bebe Rexha, Florida Georgia Line",0.643,0.783,154.084,0.579
3FqUPvubYeRCMsdJ02QyZR,TÚ NAME,Fuerza Regida,0.76,0.747,128.912,0.884
6ZIuit0z4eQg77F1RGkp0L,Nico and the Niners,Twenty One Pilots,0.731,0.595,140.072,0.362
6q8Lb50EtqNeeJXXe8mMAH,Culpables,"KAROL G, Anuel AA",0.728,0.801,130.059,0.416
0pSBuHjILhNEo55xK1zrRt,Rolex,Ayo & Teo,0.804,0.886,144.946,0.789
4Hta7Oy5W9HD0UgT1P8PPV,RISE! (feat. DAISY WORLD),"Tyler, The Creator, DAISY WORLD",0.766,0.814,108.07,0.481
4CPcZHzSvIBM8AKhdHUwnL,Clueless (with Pop Smoke & Fivio Foreign),"Polo G, Pop Smoke, Fivio Foreign",0.734,0.712,140.369,0.674
57BrRMwf9LrcmuOsyGilwr,Crawling,Linkin Park,0.58,0.702,105.076,0.299
4xkOaSrkexMciUUogZKVTS,Till I Collapse,"Eminem, Nate Dogg",0.548,0.847,171.447,0.1
3IxMaULfjq4IT2IN6v54PB,Mask,Dream,0.636,0.749,117.904,0.653
2eAZfqOm4EnOF9VvN50Tyc,The Way Life Goes (feat. Oh Wonder),"Lil Uzi Vert, Oh Wonder",0.703,0.757,82.008,0.696
3iQOfefMGDVDwo8dZoco8T,PORFA,"Feid, Justin Quiles",0.843,0.549,83.982,0.541
05r1GGg1Rhs0RcUg27C82a,Famous (feat. Reginae Carter),"Lil Wayne, Reginae Carter",0.623,0.568,149.852,0.115
5rohUzwEoRsUvAA1Bf3DLo,Dos Oruguitas,Sebastian Yatra,0.423,0.355,93.788,0.465
0B48113ZG9UfkWWt7qD9xX,Younger Now,Miley Cyrus,0.551,0.869,121.91,0.297
34ZAzO78a5DAVNrYIGWcPm,Shirt,SZA,0.824,0.453,119.959,0.552
5aUSEPNd3m5xliFK4pn5mU,Good Thing (with Kehlani),"Zedd, Kehlani",0.693,0.564,185.913,0.574
0qJeyYAgv6UpvewUxRXAhb,Rags2Riches 2 (feat. Lil Baby),"Rod Wave, Lil Baby",0.874,0.443,118.004,0.298
1wsLHgXJ4SKIfd5ePSX1hD,Polaroid,"Jonas Blue, Liam Payne, Lennon Stella",0.652,0.897,114.033,0.475
7zvfDihYiJ8RQ1nRcpKBF5,Mr. Morale,"Kendrick Lamar, Tanna Leone",0.727,0.53,174.025,0.258
6ZuahEctZD6w75peme58hm,Wonder,Shawn Mendes,0.442,0.631,139.774,0.129
7n7VsX3sv66znBwA8b5uhp,Here Comes Santa Claus (Right Down Santa Claus Lane),Elvis Presley,0.575,0.236,79.576,0.829
4kflIGfjdZJW4ot2ioixTB,Someone Like You,Adele,0.559,0.33,135.109,0.285
3PwRuzdphgedcWVUOVYJ7I,Cúrame,Rauw Alejandro,0.765,0.625,102.101,0.262
0EPxmvsG1BY5td4aTOkWBF,Deu Onda,MC G15,0.931,0.604,129.926,0.864
2Ec33AVlkTTq8BHFgBTdQs,Futsal Shuffle 2020,Lil Uzi Vert,0.881,0.457,136.97,0.296
4f0aDk7HX37SfzerfznYlr,Lapada Dela - Ao Vivo,"Grupo Menos É Mais, Matheus Fernandes",0.691,0.752,167.073,0.684
0GjEhVFGZW8afUYGChu3Rr,Dancing Queen,ABBA,0.543,0.87,100.804,0.754
4Fs2x6hJPy97PcTjGECLVX,RUBICON,Peso Pluma,0.758,0.816,139.959,0.915
3oRW9ZGPRbLRMneQ5lwflt,Waiting On A Miracle,Stephanie Beatriz,0.48,0.554,190.066,0.267
0kdqcbwei4MDWFEX5f33yG,Bling-Bang-Bang-Born,Creepy Nuts,0.853,0.822,157.013,0.746
6GD1eomgaGT1Epto6Q5eAo,golden hour,JVKE,0.511,0.594,94.473,0.143
48AJSd42lXpicsGqcgopof,X ÚLTIMA VEZ,"Daddy Yankee, Bad Bunny",0.812,0.855,90.04,0.573
1Hd2XLitkt1PYCWSbfF5qV,Wish Wish (feat. Cardi B & 21 Savage),"DJ Khaled, Cardi B, 21 Savage",0.861,0.666,145.041,0.853
2WigMwGJysIh9fRnSJvpjn,KU LO SA - A COLORS SHOW,Oxlade,0.649,0.655,92.9,0.793
5zj8WNkBrEzlI5FKeYV4ol,La Luz,"Sech, J Balvin",0.665,0.697,94.053,0.556
4vTgx6h4seHvkuFh84JXYP,My Time,BTS,0.674,0.64,99.908,0.664
4cWrKV5SN7AknqPy4ryBDG,Casa Mia,Ghali,0.728,0.889,119.952,0.624
3yaYgjEFkRw3PVjW9mV1TO,Over The Top (feat. Drake),"Smiley, Drake",0.833,0.498,139.928,0.259
2uFaJJtFpPDc5Pa95XzTvg,Let It Snow! Let It Snow! Let It Snow!,Dean Martin,0.451,0.24,134.009,0.701
0yLdNVWF3Srea0uzk55zFn,Flowers,Miley Cyrus,0.707,0.681,117.999,0.646
4n4BflhWjCHIxrI4v7Xt9s,How Bout Now,Drake,0.789,0.404,122.062,0.472
5MPPttjfGap2C6j6eKcO6J,Baby (Lil Baby feat. DaBaby),"Quality Control, Lil Baby, DaBaby",0.97,0.463,108.003,0.46
2nZj5YymF54qhAu7RneVP6,Coração Na Cama - Ao Vivo,Hugo & Guilherme,0.764,0.794,110.013,0.721
1dUHF4RyMmMTveJ0Rby6Xm,Can’t Take A Joke,Drake,0.761,0.598,173.897,0.446
63THFs9ovzO3WQsz4lzh0H,DODI,Shindy,0.823,0.56,146.958,0.371
4a1fh9vJMMoRjNrBmEWoM0,All The Money (with Gunna) [Bonus],"Metro Boomin, Gunna",0.837,0.58,111.981,0.262
6Z4rmc0uujCpl8yXe3yjgI,Whip (feat. Travis Scott),"2 Chainz, Travis Scott",0.793,0.399,121.949,0.0379
5FLkxbVtsn88ejcLR62L4T,Angeklagt,Bonez MC,0.658,0.624,181.942,0.314
2vHzOWRKYPLu8umRPIFuOq,Stefania (Kalush Orchestra),"KALUSH, Kalush Orchestra",0.832,0.817,104.985,0.324
6lt8iodSkYWEV0ifKCSlfg,Stripes Like Burberry,"Future, Lil Uzi Vert",0.758,0.574,144.081,0.706
72i5s3SBDEkaRUOgUTlkfO,In Your Head,Eminem,0.618,0.792,82.723,0.199
6bMIExEulvwM2X6zsuiYwr,MiAMi (feat. Gunna),"Tory Lanez, Gunna",0.674,0.862,160.073,0.357
6bpq1jGkVz66Q3LYeoXdjZ,SCOOP (feat. Doja Cat),"Lil Nas X, Doja Cat",0.841,0.527,163.975,0.582
6FuGJB290AQMAHTfjOYVaK,"Mood (Remix) feat. Justin Bieber, J Balvin & iann dior","24kGoldn, Justin Bieber, J Balvin, iann dior",0.721,0.745,90.988,0.699
2tdq0CeAGSfhI2l4Gwkvgx,Best Of Me,BTS,0.651,0.756,121.96,0.473
1HLaJowFbNM3MPyqnk5vjW,Labios Mordidos (with KAROL G),"Kali Uchis, KAROL G",0.715,0.886,90.005,0.748
5BKiMkWucQVb7wrFi29VtX,3D (Alternate Ver.),Jung Kook,0.865,0.785,108.031,0.836
2rFsFjq0D9JAmc0APpCO6P,Blastoff (feat. Juice WRLD),"Internet Money, Trippie Redd, Diplo, Juice WRLD",0.761,0.517,147.912,0.46
2aJnyNu4PQxQ2lyj5boiMG,I Hate U,SZA,0.533,0.417,106.534,0.376
5lkpeJwmQKgY3bX2zChjxX,Someone Like You,Adele,0.556,0.319,135.187,0.294
4gvrJnKCKIPiacNsWVQwEU,love nwantiti (feat. Dj Yo! & AX'EL) - Remix,"CKay, Dj Yo!, AX'EL",0.579,0.596,119.9,0.443
7lvDsmTRXFE3dK4OjvRiWB,Pasoori,"Shae Gill, Ali Sethi",0.714,0.596,91.991,0.669
51922FOX7bXrEU4jSoxkY5,5 Songs in einer Nacht,Capital Bra,0.877,0.903,97.997,0.248
30Y4CV7A6YqtQtTTo7Ue4j,Mean (Taylor's Version),Taylor Swift,0.524,0.692,163.874,0.621
0FFsgUoFibYISzMxuGS61W,I Don't Do Drugs (feat. Ariana Grande),"Doja Cat, Ariana Grande",0.683,0.615,77.014,0.45
7omJfT9s6V2IpQNBYyq5C8,MY HOUSE,Beyoncé,0.494,0.849,181.428,0.512
2BcnxwxBuar5wjCaLqm5N3,Until I Bleed Out,The Weeknd,0.245,0.394,115.233,0.148
0TFVOjSvPTjFHkiZZekK5k,Pineapple (feat. Gucci Mane & Quavo),"Ty Dolla $ign, Gucci Mane, Quavo",0.964,0.555,130.017,0.338
0pDaqgIForVNO4jrtTxcWT,Agora Vai Sentar,MC's Jhowzinho & Kadinho,0.814,0.653,130.099,0.706
0YHUITU3w6ws1v8ehT264g,Shout Out to My Ex,Little Mix,0.774,0.739,126.002,0.823
1hz7SRTGUNAtIQ46qiNv2p,"GONE, GONE / THANK YOU","Tyler, The Creator",0.518,0.492,78.848,0.471
7KhHA3mzt7A3LFlOJEAKpI,On My Way,"Alan Walker, Sabrina Carpenter, Farruko",0.509,0.689,170.087,0.297
1sXr6moCwVxwKEgSPxhVvF,Apaga El Cel,"Calle 24, Chino Pacas",0.744,0.842,125.258,0.814
5s6pKnF3ZPtuqvEx1i1V7U,Hittas,Lil Wayne,0.788,0.765,144.049,0.666
6b2mfHMqWCA74XmUuVJm8r,I Know,Post Malone,0.666,0.603,102.94,0.262
0tPQPaOKM32WgMSbPCYyRH,Dirty Sexy Money (feat. Charli XCX & French Montana),"David Guetta, AFROJACK, Charli XCX, French Montana",0.721,0.873,79.943,0.552
1cCXT1cErAY6tmIqHbodrt,The Remorse,Drake,0.473,0.53,74.732,0.637
7sTtHHrD0zDpmzQzH3zegz,Consequences,Camila Cabello,0.455,0.292,84.339,0.43
3QQAeMQbbjZXVFbF8DgFWT,FIRST LOVE,"Oscar Ortiz, Edgardo Nuñez",0.694,0.588,73.929,0.794
3CboywxfJIgvHqi2FF4exb,Loverboy,A-Wall,0.604,0.466,120.045,0.499
4sx6NRwL6Ol3V6m9exwGlQ,LOVE AGAIN,The Kid LAROI,0.662,0.398,107.001,0.468
7KWKWJnbGJ3Soag6Oopion,CACHORRINHAS,Luísa Sonza,0.709,0.696,98.119,0.484
42Xba467wgGvYrR2EE6s0i,Cigarettes,Juice WRLD,0.597,0.615,160.014,0.467
4evLyY5Ue1Wesc61t2KXAU,Superman (Taylor’s Version),Taylor Swift,0.533,0.742,131.93,0.356
4qsOrxBv09HhNSpsgMRXdC,Esqueça-Me Se For Capaz,"Marília Mendonça, Maiara & Maraisa",0.799,0.685,122.013,0.623
4nVBt6MZDDP6tRVdQTgxJg,Story of My Life,One Direction,0.6,0.663,121.07,0.286
2hloaUoRonYssMuqLCBLTX,bloodline,Ariana Grande,0.758,0.665,151.976,0.643
0uHrMbMv3c78398pIANDqR,Europapa,Joost,0.708,0.943,160.091,0.5
0bI7K9Becu2dtXK1Q3cZNB,Don't Be Shy,"Tiësto, KAROL G",0.77,0.787,119.986,0.513
5ZX1X9Rl4zbx1Wwyn3idVD,No Peace,"Sam Smith, Yebba",0.66,0.542,135.828,0.152
2eMwDehkIC1j68U6FA3Eiq,XO Tour Llif3,Lil Uzi Vert,0.732,0.75,155.096,0.401
503OTo2dSqe7qk76rgsbep,Still D.R.E.,"Dr. Dre, Snoop Dogg",0.816,0.775,93.431,0.527
6a1hzBiTkgqTsDA0Xgfh9z,Santa Claus Is Coming To Town,The Jackson 5,0.682,0.577,147.331,0.943
2kVHAQKVtczchKctctzbtK,Swish Swish,"Katy Perry, Nicki Minaj",0.836,0.716,119.938,0.534
5hslUAKq9I9CG2bAulFkHN,It's the Most Wonderful Time of the Year,Andy Williams,0.24,0.598,201.629,0.776
1F9kEuwT29fgqlovIclu81,love race (feat. Kellin Quinn),"mgk, Kellin Quinn",0.517,0.848,95.906,0.429
5XzombolzpiaOSTdj1W0VS,Bleed,A Boogie Wit da Hoodie,0.698,0.572,71.446,0.391
5KQxun2WxwDMsV7HCN2ONK,Rich MF (feat. Lil Durk),"Trippie Redd, Polo G, Lil Durk",0.756,0.698,77.497,0.66
1e0Wxoraz9IzFhREDqgJAe,Butter - Instrumental,BTS,0.429,0.387,109.893,0.41
29uWfSrklmIxzRIqFFK9jj,Self,Khalid,0.618,0.693,143.98,0.439
1jlnBQGP2DtSEhMgQaz7a7,Haute (feat. J Balvin & Chris Brown),"Tyga, J Balvin, Chris Brown",0.946,0.723,102.956,0.349
3Z8FwOEN59mRMxDCtb8N0A,Be Kind (with Halsey),"Marshmello, Halsey",0.63,0.633,93.995,0.452
23OYT3SFtoJqhiAUqktbc1,No Return (with The Kid LAROI & Lil Durk),"Polo G, The Kid LAROI, Lil Durk",0.479,0.645,155.057,0.381
1fipvP2zmef6vN2IwXfJhY,I’m Ready (with Demi Lovato),"Sam Smith, Demi Lovato",0.501,0.674,155.051,0.152
7ILEWkpfdK6AjH2D7jppWk,Don't Check On Me (feat. Justin Bieber & Ink),"Chris Brown, Justin Bieber, Ink",0.661,0.395,82.028,0.679
1e4rwBPVI32vZtTJu7mJ4J,Chun-Li,Nicki Minaj,0.686,0.73,128.943,0.474
2LW4Zu7FcrwjWm3t5Rv3Oq,El Farsante,Ozuna,0.753,0.732,120.056,0.325
2Tq2R8sRftNEqdgJK5HadO,My My My!,Troye Sivan,0.699,0.479,102.959,0.462
2FPfeYlrbSBR8PwCU0zaqq,Have Yourself A Merry Little Christmas - Remastered 1999,Frank Sinatra,0.262,0.137,92.183,0.288
4kGdnA7FzSVsXC29LPghej,Revoada No Colchão,"Zé Felipe, Marcynho Sensação",0.704,0.936,170.063,0.96
7aiClxsDWFRQ0Kzk5KI5ku,hot girl bummer,blackbear,0.778,0.559,129.989,0.678
02itaCXOdC54J0ISjqqFAp,All Around The World (La La La),"R3HAB, A Touch Of Class",0.733,0.859,124.948,0.52
6V9kwssTrwkKT72imgowj9,My Type,"The Chainsmokers, Emily Warren",0.604,0.603,94.989,0.15
6Ww0J5EFjiPxkgZpEkRQVN,Nowhere Fast (feat. Kehlani),"Eminem, Kehlani",0.708,0.729,79.024,0.644
0MLu1cFYL4ikdRTdasCQT9,M' Manc (con Geolier & Sfera Ebbasta),"Shablo, Geolier, Sfera Ebbasta",0.703,0.704,139.933,0.725
3vkCueOmm7xQDoJ17W1Pm3,My Love Mine All Mine,Mitski,0.504,0.308,113.95,0.121
3xKsf9qdS1CyvXSMEid6g8,Pink + White,Frank Ocean,0.545,0.545,159.94,0.549
4Sib57MmYGJzSvkW84jTwh,ME! (feat. Brendon Urie of Panic! At The Disco),"Taylor Swift, Brendon Urie, Panic! At The Disco",0.614,0.839,182.123,0.657
2yg7MXp8nSPaf61HVkhEr3,The Void,Kid Cudi,0.464,0.459,142.017,0.0786
4b7mLZQWsy0rLnrMtPA9fQ,borderline (feat. Missy Elliott),"Ariana Grande, Missy Elliott",0.761,0.818,110.99,0.348
1WoM4mof0Nl1xPtwf6h6ow,FLY,"KC Rebell, Summer Cem",0.835,0.596,100.706,0.897
6kYGOFNUMxpab09L5Ukoke,Rich Spirit,Kendrick Lamar,0.852,0.421,95.977,0.457
43eRVwfXFkY3kXN4K47gNT,Chico,Luísa Sonza,0.736,0.313,99.992,0.43
6JqpFboOH2bq9pzaYbkKBn,R.I.P. (feat. Rita Ora & Anitta),"Sofía Reyes, Rita Ora, Anitta",0.764,0.752,100.066,0.698
7iwJOi3hlMqZt6pj1sQOBj,VISTA AL MAR,Quevedo,0.759,0.561,104.915,0.491
2ktoFujjJtantyMoVdBJlX,Pa Olvidarte (feat. Manuel Turizo) - Remix,"ChocQuibTown, Zion & Lennox, Farruko, Manuel Turizo",0.724,0.791,176.011,0.856
7EkWXAI1wn8Ii883ecd9xr,Freaks,Surf Curse,0.345,0.941,179.626,0.407
5VuxWXbt7XENQCtE9TzpTv,Spoil My Night (feat. Swae Lee),"Post Malone, Swae Lee",0.672,0.717,160.981,0.225
45S5WTQEGOB1VHr1Q4FuPl,Golden,Harry Styles,0.448,0.838,139.863,0.254
5IlLm20JXhKbMtsH20NblC,lo que hay x aquí,Rels B,0.807,0.49,80.522,0.739
4eNOLmx8r2IJAVKvBBL1jv,Headshot (feat. Polo G & Fivio Foreign),"Lil Tjay, Polo G, Fivio Foreign",0.808,0.639,118.0,0.395
3IznIgmXtrUaoPWpQTy5jB,Not Allowed,TV Girl,0.67,0.905,104.965,0.563
6XHVuErjQ4XNm6nDPVCxVX,No Guidance (feat. Drake),"Chris Brown, Drake",0.696,0.454,92.928,0.136
343YBumqHu19cGoGARUTsd,Fake Love,Drake,0.928,0.481,134.007,0.613
6rDaCGqcQB1urhpCrrD599,Album of the Year - Freestyle,J. Cole,0.705,0.816,94.211,0.929
4d1CG5ei1E2vGbvmgf5KKv,This Love (Taylor’s Version),Taylor Swift,0.47,0.494,144.039,0.0524
2gQPv5jvVPqU2a9HhMNO1v,Toxic,BoyWithUke,0.594,0.612,179.629,0.687
1tp1xMJ1uaOktksskS0Fzs,Curve (feat. The Weeknd),"Gucci Mane, The Weeknd",0.76,0.476,147.01,0.354
3lCbsHaN1wCxyDzcNN2x4N,Si Me Tomo Una Cerveza,"Migrantes, Alico",0.721,0.612,85.081,0.86
59nOXPmaKlBfGMDeOVGrIK,WAIT FOR U (feat. Drake & Tems),"Future, Drake, Tems",0.463,0.642,83.389,0.339
5VTqW8raQYnj2avZ27nO2a,penhasco.,Luísa Sonza,0.43,0.467,77.249,0.382
7ySUcLPVX7KudhnmNcgY2D,S&M,Rihanna,0.769,0.684,127.972,0.835
3JDPPLA5oReVAkrEDcBllG,Shit Changed,"Ufo361, Sonus030",0.826,0.528,157.001,0.318
3BnDvpeuGOj21Ir2aVEtQo,Calm Down,Rema,0.814,0.789,107.003,0.842
2CIYemjFXdmCWpJnfbtrD6,New Normal,Khalid,0.39,0.534,92.047,0.244
4ecVWqbtW6phQGpZMAyqIU,Not Shy,ITZY,0.776,0.911,101.027,0.56
3ZdDYeaZzeYnrP4crgXzPk,90-60-111,Shirin David,0.8,0.628,143.979,0.745
4Q8aDd3H6LF8t4eY7So9O8,Light It Up (with Tyga & Chris Brown),"Marshmello, Tyga, Chris Brown",0.81,0.625,100.019,0.598
0B6g379TMw0nYGXA7y5xHz,"All The Way Live (Spider-Man: Across the Spider-Verse) (Metro Boomin & Future, Lil Uzi Vert)","Metro Boomin, Future, Lil Uzi Vert",0.774,0.549,135.016,0.28
1EoEU4HY57qaITp06TkC6B,Goteo,Duki,0.473,0.779,108.287,0.438
5Zlb01Jcn0Ld49zazzZJSB,WORTH NOTHING (feat. Oliver Tree) - Fast & Furious: Drift Tape/Phonk Vol 1,"TWISTED, Oliver Tree, Fast & Furious: The Fast Saga",0.604,0.601,139.88,0.156
0SfG57HqtBNqKN9O27fo1s,Racks on Racks,Lil Pump,0.822,0.484,150.061,0.0934
0VjIjW4GlUZAMYd2vXMi3b,Blinding Lights,The Weeknd,0.514,0.73,171.005,0.334
2rizacJSyD9S1IQUxUxnsK,All We Know,"The Chainsmokers, Phoebe Ryan",0.662,0.586,90.0,0.296
3ZBksMOUTbOTIgIwV0RaLg,You Owe Me,The Chainsmokers,0.679,0.435,89.996,0.326
5KbBGUpIZd6gVFUU8tqYiQ,Si Se Da,"Myke Towers, Farruko",0.83,0.71,93.977,0.703
7wC76LWyNxaP3hjGzbWOcN,CABRIOLET (feat. Sfera Ebbasta),"Salmo, Sfera Ebbasta",0.548,0.531,150.058,0.309
0YqTL3nSL36OFdHwHoqCag,MODO TURBO,"Luísa Sonza, Pabllo Vittar, Anitta",0.655,0.726,160.064,0.766
6s2wpWPFPAgKg2LXxi1Oee,"Santa Claus Is Comin' to Town - Live at C.W. Post College, Greenvale, NY - December 1975",Bruce Springsteen,0.357,0.668,139.986,0.407
21yRtB6B8EMounImAfHRCP,Who Dat Boy (feat. A$AP Rocky),"Tyler, The Creator, A$AP Rocky",0.706,0.485,115.414,0.144
6MOst484piqXpzPPRRe8i5,vice city,XXXTENTACION,0.853,0.467,87.023,0.329
4dSoDnmR9opAQ8KxUc9SbC,Mad Love,"Sean Paul, David Guetta, Becky G",0.793,0.824,98.019,0.611
1NlK2NtpuUazpziLhnJwEV,Phantom Regret by Jim,The Weeknd,0.394,0.519,110.113,0.241
0yL7K9MzC20uBesZTPY81r,Pandora,"DJ Matt D, Menor MC, MC GP, Vulgo FK",0.688,0.458,124.553,0.559
7EmGUiUaOSGDnUUQUDrOXC,Wolves,"Selena Gomez, Marshmello",0.715,0.802,124.989,0.327
1MTXYvJ9TSqg9x6WPCDx2n,3AM on Glenwood,21 Savage,0.475,0.692,181.167,0.241
6T0sEnqjmHISIKwFETeeiP,Suburban Legends (Taylor's Version) (From The Vault),Taylor Swift,0.699,0.621,118.048,0.344
0YeUVm23SAkUruwEx9LWnt,Savior,"Kendrick Lamar, Baby Keem, Sam Dew",0.605,0.692,124.84,0.685
6MjNilJCVKJq0LfFvo5jWJ,Fast,Juice WRLD,0.623,0.608,84.98,0.263
0Y4hwUppbGc8aIBmiTz30A,Familiar,"Liam Payne, J Balvin",0.636,0.805,92.958,0.908
7f5trao56t7sB7f14QDTmp,Juicy,"Doja Cat, Tyga",0.785,0.652,170.024,0.484
05WepN8vrMLJG5r8XRdLeL,INTRO,DaBaby,0.862,0.685,100.024,0.672
0CBFOvHlyqy30Q5tbyNHfQ,Want To,Dua Lipa,0.572,0.691,92.082,0.318
6R9c642Hs3tOdLowjYaWt2,Love/Hate Letter To Alcohol (with Fleet Foxes),"Post Malone, Fleet Foxes",0.475,0.569,108.007,0.0395
5GNjiM8jZCgbqjHklAcT9e,All I Am,Jess Glynne,0.755,0.682,122.049,0.498
1J14CdDAvBTE1AJYUOwl6C,Arcade,Duncan Laurence,0.453,0.35,72.017,0.279
5sCwso3aURYAdieWEFI1nE,Icy (feat. Gucci Mane),"Logic, Gucci Mane",0.827,0.522,151.99,0.477
42m3eP1JJhtzffal9B136J,7am On Bridle Path,Drake,0.724,0.531,89.901,0.141
3XIXklO3e0uWUAUkOR7NLI,DENTRO DA HILUX,"Luan Pereira, Mc Daniel, MC Ryan SP",0.73,0.517,129.987,0.362
21N4Buj4xsyLb218lYle61,Chica Ideal,"Sebastian Yatra, Guaynaa",0.574,0.891,100.978,0.707
0D5CXSUx8GOCHSY8KWgi9h,Yuck,Logic,0.619,0.798,156.151,0.71
5TOgxgZrIZzvaKg9r2bvc2,Chemical,Post Malone,0.49,0.894,169.908,0.38
7COGuXyTr12KvdaYXMqheC,"No Me Conocen (Remix) [con DUKI, Rei & Tiago PZK]","BANDIDO, Duki, Rei, Tiago PZK",0.769,0.812,180.003,0.926
3RIgHHpnFKj5Rni1shokDj,Norman fucking Rockwell,Lana Del Rey,0.215,0.203,78.287,0.143
7HC7R2D8WjXVcUHJyEGjRs,Breathe (feat. Colbie Caillat) (Taylor’s Version),"Taylor Swift, Colbie Caillat",0.506,0.626,148.035,0.321
2TJKY0WSFufZOzbRNgl6zE,ELOVRGA,"Alex Favela, Grupo Marca Registrada, Joaquin Medina",0.793,0.476,129.992,0.578
2D1MK9oaxy7axXggy3iVbp,Rich Sex (feat. Lil Wayne),"Nicki Minaj, Lil Wayne",0.879,0.635,146.97,0.568
6vxU64pcIuQ38O015Zy4qj,Homecoming,Lil Uzi Vert,0.929,0.563,129.957,0.353
2uaiyLKnYvazyfR0Ky3Kbk,Let Me Down Slowly,Alec Benjamin,0.649,0.548,150.036,0.506
4IJEw3fDvS6XF4sDc3bvjK,AYA,"Murda, Ezhel",0.743,0.68,180.059,0.694
7lgA34nFXxjqQgyLkPUcLv,Jenny (I Wanna Ruin Our Friendship),Studio Killers,0.668,0.799,133.929,0.563
4z3GJkrtH97Bj6fRta983T,Robarte un Beso,"Carlos Vives, Sebastian Yatra",0.748,0.884,95.046,0.678
03iCbZaM4OkRR4We6wIzvx,IDOL,"BTS, Nicki Minaj",0.709,0.857,126.038,0.446
6DUdDIRgLqCGq1DwkNWQTN,Borro Cassette,Maluma,0.73,0.701,175.95,0.785
3i058E8uxTsYqJ5NWZzqSj,Little Freak,Harry Styles,0.559,0.535,141.96,0.402
3B0irDyS69y5eAz15xV2Ee,Wake Me Up,Avicii,0.532,0.783,124.084,0.643
6DNtNfH8hXkqOX1sjqmI7p,Cold Water (feat. Justin Bieber & MØ),"Major Lazer, Justin Bieber, MØ",0.608,0.798,92.943,0.501
5esKpsrB3TbGHwFaAjIGMx,Move Ya Hips (feat. Nicki Minaj & MadeinTYO),"A$AP Ferg, Nicki Minaj, MadeinTYO",0.809,0.68,143.988,0.0653
5U4laaEEChW8FOtZXCu8C7,Put On A Smile,"Bruno Mars, Anderson .Paak, Silk Sonic",0.548,0.627,143.994,0.493
1nYeVF5vIBxMxfPoL0SIWg,Hallucinate,Dua Lipa,0.627,0.69,122.053,0.627
733c1CWmIGymoQXdp7Us88,"Numbers (feat. Roddy Ricch, Gunna and London On Da Track)","A Boogie Wit da Hoodie, London On Da Track, Roddy Ricch, Gunna",0.819,0.654,133.503,0.455
0NTMtAO2BV4tnGvw9EgBVq,Bitch Better Have My Money,Rihanna,0.781,0.728,102.99,0.395
4dVpf9jZjcORqGTLUaeYj9,Plain Jane,A$AP Ferg,0.797,0.844,170.142,0.52
1tkg4EHVoqnhR6iFEXb60y,What You Know Bout Love,Pop Smoke,0.709,0.548,83.995,0.543
2dxky69jKzbtUfA3Hl8Nuo,Soldi,Mahmood,0.69,0.581,94.904,0.372
7qq0EOPW4RRlqdvMBmdd73,Crazy Over You,BLACKPINK,0.804,0.633,115.002,0.67
5XkyZyKMdFungjDb9cUKc3,A Brand New Day (BTS World Original Soundtrack) (Pt. 2),"BTS, Zara Larsson",0.804,0.498,105.008,0.704
75pQqzwgCjUOSSy5CpmAjy,Pero Ya No,Bad Bunny,0.882,0.612,147.982,0.742
1i9lZvlaDdWDPyXEE95aiq,TELEKINESIS (feat. SZA & Future),"Travis Scott, SZA, Future",0.458,0.535,82.826,0.216
78Sw5GDo6AlGwTwanjXbGh,Here With Me,d4vd,0.574,0.469,132.023,0.288
1eaqMiiUn2P7MnqJK4XeK0,TALKING,"¥$, Kanye West, Ty Dolla $ign",0.463,0.453,148.741,0.334
2VzCjpKvPB1l1tqLndtAQa,Por las Noches,Peso Pluma,0.807,0.595,92.491,0.392
2il7ZxLzVhPxMHNidnsa3I,"Merry Christmas, Happy Holidays",*NSYNC,0.655,0.942,105.007,0.764
6EpRaXYhGOB3fj4V2uDkMJ,Strip That Down (feat. Quavo),"Liam Payne, Quavo",0.869,0.485,106.028,0.527
1s2B5cndbqK8rPJEIcKJRQ,Vaina Loca,"Ozuna, Manuel Turizo",0.754,0.805,93.983,0.555
7gbpozqwdFoqvv19BTk2hu,Sanctify,Olly Alexander (Years & Years),0.667,0.624,101.96,0.19
2r1T6xGTVaNAqBoPH4lZEE,Waste It On Me (feat. BTS),"Steve Aoki, BTS",0.669,0.684,96.097,0.466
2FiSTH0GYpIioUgjfzMIja,Stay (feat. Maty Noyes),"Kygo, Maty Noyes",0.648,0.736,103.027,0.378
2Xr1dTzJee307rmrkt8c0g,love nwantiti (ah ah ah),CKay,0.727,0.739,93.005,0.533
6r7ULK6c5CLVvImjTIztl1,Floor 555,XXXTENTACION,0.695,0.686,105.219,0.354
4FRW5Nza1Ym91BGV4nFWXI,Lemon Pepper Freestyle (feat. Rick Ross),"Drake, Rick Ross",0.77,0.637,94.966,0.431
4AYtqFyFbX0Xkc2wtcygTr,Soon You’ll Get Better (feat. The Chicks),"Taylor Swift, The Chicks",0.433,0.182,207.476,0.421
06FCvd7rrRcF3DdvWH5Isp,LUST.,Kendrick Lamar,0.678,0.562,94.241,0.566
116H0KvKr2Zl4RPuVBruDO,MIA,"Bad Bunny, Drake",0.817,0.539,97.062,0.158
0ZoHHROTzwIYeNAHRPedTY,Driving Home for Christmas,Chris Rea,0.603,0.705,90.12,0.89
4rXLjWdF2ZZpXCVTfWcshS,fukumean,Gunna,0.847,0.622,130.001,0.22
7kDUspsoYfLkWnZR7qwHZl,my ex's best friend (with blackbear),"mgk, blackbear",0.731,0.675,124.939,0.298
0OWZFobGSIW9GrSlQ9C5pc,Marry Me,Thomas Rhett,0.333,0.412,85.028,0.474
0I20rLT2MJDhcF96AjbNYo,Stay,"Zedd, Alessia Cara",0.69,0.622,102.039,0.543
18vXApRmJSgQ6wG2ll9AOg,RAPSTAR,Polo G,0.789,0.536,81.039,0.437
2D2w9943rsnJOGCrI4aMQp,My Choppa Hate Niggas,"21 Savage, Metro Boomin",0.862,0.274,77.492,0.154
4UAW2gObi5o6sJla0qZpPn,Mariners Apartment Complex,Lana Del Rey,0.528,0.284,76.012,0.172
6RsWqX8zABZLhZydXxEFOm,Can't Feel My Face,The Weeknd,0.702,0.77,107.951,0.593
3XjvMZqm2AQ8thMCD6w9w2,Mas Rica Que Ayer,"Anuel AA, Mambo Kingz, DJ Luian",0.818,0.666,93.95,0.529
6PoKfDY78ih5OveWirggRX,Off White VLONE (Lil Baby & Gunna feat. Lil Durk & NAV),"Lil Baby, Gunna, Lil Durk, NAV",0.859,0.506,140.973,0.153
23RoR84KodL5HWvUTneQ1w,(It Goes Like) Nanana - Edit,Peggy Gou,0.671,0.876,129.998,0.964
4S8d14HvHb70ImctNgVzQQ,I Love It (& Lil Pump),"Kanye West, Lil Pump",0.901,0.522,104.053,0.329
7AVyve7cFYTd51ha5i9kE2,Down Under (feat. Colin Hay),"Luude, Colin Hay",0.308,0.861,171.966,0.0386
3ZFTkvIE7kyPt6Nu3PEa7V,Hips Don't Lie (feat. Wyclef Jean),"Shakira, Wyclef Jean",0.778,0.824,100.024,0.758
05tGmdz9dVZ4yGqz4YJdPK,La Intención,"Christian Nodal, Peso Pluma",0.794,0.738,131.857,0.838
0OMt4Qyetdbw2eUEvKBdHH,Remind Me,Eminem,0.764,0.867,93.969,0.767
1p1SbqeipOd4ezKUpxqaz6,"Baby, You Make Me Crazy",Sam Smith,0.513,0.648,169.743,0.497
5rFj8OzffT0iggSjcBaeND,"Fire On Fire - From ""Watership Down""",Sam Smith,0.584,0.407,115.124,0.341
4RzpCjByV1NWUGKVQGuej6,Internet,Post Malone,0.469,0.489,74.013,0.201
1mdJ39D1lrR3aWIOhgeNaE,Wir ticken,"Capital Bra, Samra",0.63,0.692,179.877,0.82
6qCsKKS7Ol63SJW3LOIX5R,Plastic Hearts,Miley Cyrus,0.551,0.756,175.984,0.618
70lnL3QaSOIIyMa2X9aVRL,Perro Fiel (feat. Nicky Jam),"Shakira, Nicky Jam",0.75,0.76,183.817,0.893
7FIWs0pqAYbP91WWM0vlTQ,Godzilla (feat. Juice WRLD),"Eminem, Juice WRLD",0.808,0.745,165.995,0.829
01Qb6dN5suQNu87VJ1mIpf,Did It Again,Lil Tecca,0.699,0.575,148.767,0.234
7KA4W4McWYRpgf0fWsJZWB,See You Again (feat. Kali Uchis),"Tyler, The Creator, Kali Uchis",0.558,0.559,78.558,0.62
7e1VoRlNumuEkXlITMHKLE,Me Gusta (with Cardi B & Myke Towers),"Anitta, Myke Towers, Cardi B",0.91,0.604,110.075,0.807
222B3aljXx6fFwKmFjuBED,Woman Like Me (feat. Nicki Minaj),"Little Mix, Nicki Minaj",0.754,0.854,75.002,0.8
6sTDhYVVXU3HSDuG7mBLRU,Guatemala - From Swaecation,"Rae Sremmurd, Swae Lee, Slim Jxmmi",0.849,0.699,100.989,0.0778
65kp3OFn7JXbCvkm3m2Ui2,Two®,Lil Uzi Vert,0.266,0.642,75.022,0.0371
38RIEav39FGi86jppxO0du,Ignorantes,"Bad Bunny, Sech",0.85,0.536,96.029,0.505
2plLJpUcYPFrl1sW2pMG63,Lights Up,Harry Styles,0.585,0.62,101.939,0.281
5IQvs70wHdurk63TnCV6ZP,We Made It,"t-low, Miksu / Macloud",0.782,0.711,116.049,0.771
4srcMdbm2qzVG98tJajHxp,Pantysito,"Alejo, Feid, ROBI",0.83,0.739,97.993,0.631
1xndOD8CreR5ctkOv5G1LN,Scooby Doo Pa Pa,Dj Kass,0.91,0.754,120.939,0.63
75FEaRjZTKLhTrFGsfMUXR,Running Up That Hill (A Deal With God),Kate Bush,0.629,0.547,108.375,0.197
0u2P5u6lvoDfwTYjAADbn4,lovely (with Khalid),"Billie Eilish, Khalid",0.351,0.296,115.284,0.12
5Fla3zyOCcIRqrDoKLU0DP,Let You Love Me,Rita Ora,0.475,0.846,96.036,0.451
5rJ7bdPmr8nfmm2JQ8xHOz,POP!,NAYEON,0.793,0.859,97.001,0.392
6cFZ4PLC19taNlpl9pbGMf,Somebody To Love - Remastered 2011,Queen,0.497,0.693,111.539,0.358
32OWobmyAz8J2qA8iWekyS,Mistletoe,Justin Bieber,0.666,0.543,161.947,0.881
0rFQ5cKYJ9WtHSKp9sxVYt,Heartless (feat. Morgan Wallen),"Diplo, Morgan Wallen",0.764,0.555,111.004,0.255
6sBWmE23q6xQHlnEZ8jYPT,Step Into Christmas - Remastered 1995,Elton John,0.526,0.925,140.308,0.819
2HolBGR6tpiWI80MXoV1dJ,Payday (feat. Young Thug),"Doja Cat, Young Thug",0.619,0.707,168.995,0.558
2zY1iTaEgs8ROkkWtWLe7l,Ropa Cara,Camilo,0.813,0.549,169.947,0.646
0a4MMyCrzT0En247IhqZbD,Hype Boy,NewJeans,0.593,0.935,99.976,0.783
6OZwia8loN0aPS0vTvsBjR,TOUT VA BIEN (feat. Ninho & Naps),"Alonzo, Ninho, Naps",0.66,0.72,99.937,0.628
5DfWF0jqMgZDCiu9zJENTA,Ring (feat. Kehlani),"Cardi B, Kehlani",0.767,0.543,106.029,0.485
57VeLYXrvNxe8Vs18K2M9W,Way Out (feat. Big Sean),"Jack Harlow, Big Sean",0.945,0.582,108.025,0.907
1jHgfC8T5KxUyC5Ldw6lk9,Zona De Perigo,Leo Santana,0.805,0.767,135.06,0.97
6qraVL4IJaIj0IuEexYJNa,Explícito,Myke Towers,0.828,0.83,95.007,0.422
5YeHLHDdQ4nKHk81XFWhCU,successful,Ariana Grande,0.847,0.603,114.045,0.735
2IGMVunIBsBLtEQyoI1Mu7,Paint The Town Red,Doja Cat,0.868,0.538,99.968,0.732
6wo37KVqFJhtuxPTpLCcfe,Takeaway,"The Chainsmokers, ILLENIUM, Lennon Stella",0.294,0.505,85.332,0.357
7M16mAuWuFA5rC9HvkXaGx,You Don't Know Me (feat. RAYE),"Jax Jones, RAYE",0.877,0.658,123.994,0.693
017PF4Q3l4DBUiWoXk4OWT,Break My Heart,Dua Lipa,0.73,0.729,113.011,0.467
4UyVCLbNG8yhrqbzeSmdho,DON'T YOU WORRY,"Black Eyed Peas, Shakira, David Guetta",0.816,0.874,131.967,0.5
6Hfu9sc7jvv6coyy2LlzBF,Hurricane,Kanye West,0.587,0.561,80.009,0.351
1xs8bOvm3IzEYmcLJVOc34,Rush,Ayra Starr,0.792,0.503,99.97,0.381
3707IBa4HnS3zDDoWfeUBl,I Warned Myself,Charlie Puth,0.488,0.311,184.112,0.579
6onwlDmIVKE8bBgyBRSuS0,FRIENDS (feat. kiLL edward),"J. Cole, kiLL edward",0.715,0.652,109.28,0.498
5wG3HvLhF6Y5KTGlK0IW3J,Trance (with Travis Scott & Young Thug),"Metro Boomin, Travis Scott, Young Thug",0.571,0.549,119.497,0.447
0PB0O24JqAuNdOAFVJljMS,Coco Chanel,"Eladio Carrion, Bad Bunny",0.683,0.764,149.949,0.137
7dt6x5M1jzdTEt8oCbisTK,Better Now,Post Malone,0.68,0.578,145.038,0.341
41zXlQxzTi6cGAjpOXyLYH,idontwannabeyouanymore,Billie Eilish,0.483,0.412,170.163,0.247
1PIgY9ybyFT9uWLM5POYGY,All The Parties (feat. Chief Keef),"Drake, Chief Keef",0.65,0.405,124.747,0.195
6Gg1gjgKi2AK4e0qzsR7sd,Bandit (with YoungBoy Never Broke Again),"Juice WRLD, YoungBoy Never Broke Again",0.474,0.631,180.051,0.425
44gRhRi2OhEf7moAUj6MD1,The Bigger Picture,Lil Baby,0.59,0.618,96.459,0.153
3xMHXmedL5Rvfxmiar9Ryv,Chaleya,"Anirudh Ravichander, Arijit Singh, Shilpa Rao, Kumaar",0.575,0.845,95.047,0.439
5vnuJ8EopkP5dHukpOmT3L,What Would Meek Do?,"Pusha T, Kanye West",0.678,0.636,83.071,0.0636
5IvdLxVB8gwwcgnEkXSSW2,Dark Side Of The Moon (feat. Nicki Minaj),"Lil Wayne, Nicki Minaj",0.603,0.457,73.724,0.455
64dLd6rVqDLtkXFYrEUHIU,New Gold (feat. Tame Impala and Bootie Brown),"Gorillaz, Tame Impala, Bootie Brown",0.695,0.923,108.014,0.551
4JB0EAT4BkLShTyTt50FmO,"Ego Death (feat. Kanye West, FKA twigs & Skrillex)","Ty Dolla $ign, FKA twigs, Skrillex, Kanye West",0.813,0.615,111.039,0.321
5rW7qTn83sCKtqBoneJs63,edamame,"bbno$, Rich Brian",0.815,0.849,106.035,0.685
4HvE2E9rXJDcQhE4YfeNuG,Let Me Love You Like A Woman,Lana Del Rey,0.403,0.245,128.333,0.148
4kjI1gwQZRKNDkw1nI475M,MY EYES,Travis Scott,0.455,0.621,119.043,0.28
5TGcyccg8Hkgn9jB7gUpMN,Never Let Me Down,"VIZE, Tom Gregory",0.758,0.848,127.948,0.706
1Ame8XTX6QHY0l0ahqUhgv,THE LONELIEST,Måneskin,0.519,0.595,129.786,0.237
6jA8JUuPCGYjFcgw0AoM5T,Me Niego (feat. Ozuna & Wisin),"Reik, Ozuna, Wisin",0.777,0.779,94.023,0.768
0y6kdSRCVQhSsHSpWvTUm7,The Last Time (feat. Gary Lightbody of Snow Patrol) (Taylor’s Version),"Taylor Swift, Gary Lightbody",0.502,0.534,94.05,0.155
421eObjg0DTm2qajJl5OJm,Into the Unknown - Panic! At The Disco Version,Panic! At The Disco,0.456,0.828,116.719,0.313
4Pu0a2TuHOYtI4CCE3HEXI,Sigues Con El - Remix,"Arcángel, Sech, Romeo Santos",0.747,0.693,175.994,0.736
2771LMNxwf62FTAdpJMQfM,Bodak Yellow,Cardi B,0.929,0.723,125.022,0.458
2w1rq80FIrbxeJy9WYURxw,Follow,"KAROL G, Anuel AA",0.735,0.787,168.997,0.455
7uzmGiiJyRfuViKKK3lVmR,Mine,Bazzi,0.71,0.789,142.929,0.717
5BibcbKVdZUuTttSG02JTp,MODUS,Joji,0.738,0.533,132.008,0.262
3KekO5WUfJsh7kYU9o2w50,Atrévete,"Nicky Jam, Sech",0.552,0.675,183.785,0.586
27RYrbL6S02LNVhDWVl38b,Happy Xmas (War Is Over) - Remastered 2010,"John Lennon, Yoko Ono",0.321,0.64,146.172,0.414
0Jh6iWjna1wk5le0Ahn7No,La vie qu'on mène,Ninho,0.8,0.756,113.204,0.456
3obgSF06ki98lYNLNq5vCB,Wasted (feat. Lil Uzi Vert),"Juice WRLD, Lil Uzi Vert",0.742,0.579,144.994,0.502
1rv46mRwDqMEhOBZ7vODg3,It's Beginning to Look a Lot like Christmas,Michael Bublé,0.331,0.223,92.896,0.355
5r011NB07RHjABbuVGVIbd,The Louvre,Lorde,0.654,0.389,123.151,0.132
